modo,passthrough,elasticidad,EAM,sesgo,EAM_ext
con_ingresos,0.0,0.8,1.6998806832296247,0.6320616465670659,0.5392325153909197
con_ingresos,0.0,1.0,3.0678762543673566,0.777744709200095,1.0918223464799763
con_ingresos,0.0,1.2,4.564094082129115,0.8235901953119363,1.6709897995076335
con_ingresos,0.25,0.8,2.0047828140600843,0.9041190636042362,0.6518684437718167
con_ingresos,0.25,1.0,3.433085417893209,1.1057688844705704,1.2867256130818159
con_ingresos,0.25,1.2,4.883033344540438,1.1610392785252497,1.9478046096814048
con_ingresos,0.5,0.8,2.2603273456411315,1.1044486419378328,0.8311789673049645
con_ingresos,0.5,1.0,3.754521020470159,1.3802494238924978,1.531101478869696
con_ingresos,0.5,1.2,5.179221775055431,1.5188785892799737,2.248385528871944
con_ingresos,0.75,0.8,2.601679783235411,1.4282957057353631,0.9835981367043605
con_ingresos,0.75,1.0,4.088812179379512,1.7312624819154976,1.779337874149024
con_ingresos,0.75,1.2,5.570990362826864,1.8903591858638833,2.5577381920430398
con_ingresos,1.0,0.8,2.863704594852585,1.6748006032685647,1.1926246354556613
con_ingresos,1.0,1.0,4.450677996179487,2.0632325383620578,2.0291487088543723
con_ingresos,1.0,1.2,5.931068358680609,2.2659447409072255,2.8952242414400544
solo_pbi,0.0,0.8,3.5065207627418067,-3.5065207627418067,0.8718150809061177
solo_pbi,0.0,1.0,4.320148672526285,-4.320148672526285,0.9793625569025523
solo_pbi,0.0,1.2,5.150977789630948,-5.150977789630948,1.2881091395541338
solo_pbi,0.25,0.8,3.819764594549703,-3.819764594549703,0.8961639716469361
solo_pbi,0.25,1.0,4.715505798684983,-4.715505798684983,1.072136280456243
solo_pbi,0.25,1.2,5.614969328974295,-5.614969328974295,1.3830591255195217
solo_pbi,0.5,0.8,4.169745819439229,-4.169745819439229,0.9419540971701279
solo_pbi,0.5,1.0,5.113988900350499,-5.113988900350499,1.1727421963829687
solo_pbi,0.5,1.2,6.096210785286632,-6.096210785286632,1.4750715128329563
solo_pbi,0.75,0.8,4.427949953537374,-4.427949953537374,0.969738065635023
solo_pbi,0.75,1.0,5.544196911213133,-5.544196911213133,1.247829070719197
solo_pbi,0.75,1.2,6.563119100562309,-6.563119100562309,1.5848117742612884
solo_pbi,1.0,0.8,4.696702518095181,-4.696702518095181,1.015997102980612
solo_pbi,1.0,1.0,5.864526707411867,-5.864526707411867,1.3243884421986425
solo_pbi,1.0,1.2,6.971522498544435,-6.971522498544435,1.6822920880249395
