modo,bonos,elasticidad,passthrough,EAM,sesgo,EAM_extrema,EAM_urbana,EAM_rural
solo_pbi,False,0.6,0.0,5.349292881897297,-5.349292881897297,1.4334643540128984,7.468338598070289,4.050605160830196
solo_pbi,False,0.6,0.25,5.530034695242884,-5.530034695242884,1.4584370356453962,7.6969496311769445,3.70799805869352
solo_pbi,False,0.6,1.0,6.116813480992954,-6.116813480992954,1.5061633000839345,8.417130277331466,3.1185433597783376
solo_pbi,False,0.8,0.0,4.66746015156281,-4.66746015156281,1.1084308972412744,6.762325359589793,4.2939029196647285
solo_pbi,False,0.8,0.25,4.9093582757343,-4.9093582757343,1.1446166068698642,7.070695310142189,3.8251748885924663
solo_pbi,False,0.8,1.0,5.721625495532575,-5.721625495532575,1.1930165901810692,8.074794036024866,3.7322199155966196
solo_pbi,False,1.0,0.0,4.0148034762960965,-4.0148034762960965,0.896927920010613,6.097991205534713,4.523618273808825
solo_pbi,False,1.0,0.25,4.33371823834762,-4.33371823834762,0.9815103685209886,6.510948033125712,4.466596456137412
solo_pbi,False,1.0,1.0,5.273202034854386,-5.273202034854386,1.1428047513337867,7.659927905868801,4.604751442194069
agregado,False,0.6,0.0,2.1384262274449006,-1.7691262808393193,0.7347934854014777,4.1570949636717005,7.877025568459798
agregado,False,0.6,0.25,2.3303479177467996,-1.5482920689712283,0.780664286019087,3.993199336550797,8.308133574254565
agregado,False,0.6,1.0,2.7990905654810474,-1.014348023610107,1.030416188470257,3.7542566228108627,9.62832061329787
agregado,False,0.8,0.0,2.5043478386760265,0.30797267895838143,0.8811931118389962,3.4916639247864607,10.086178328397294
agregado,False,0.8,0.25,2.6673335244601892,0.537370880085679,1.0148836754276327,3.4910667536994056,10.591353692070879
agregado,False,0.8,1.0,3.310320890642752,1.2369793104806937,1.4869854150365764,3.6841119692409223,12.336547032720786
agregado,False,1.0,0.0,2.944729774899836,2.187233186924439,1.1420863222719015,3.8156613140310873,12.204235708834783
agregado,False,1.0,0.25,3.2935705173066503,2.473888774072428,1.3615453537643305,3.8710527281132103,12.874579568835362
agregado,False,1.0,1.0,4.149956841556309,3.229935476038907,2.1368181807076807,4.0789545150822955,14.8793548009068
sectorial,False,0.6,0.25,3.028166375835332,-2.414373846523673,1.2751819242416436,4.27461532248682,5.051348765959642
sectorial,False,0.8,0.25,3.35284589865615,-0.6336903307883301,1.378266320566557,3.658940653404359,6.233418166082755
sectorial,False,1.0,0.25,3.8886753618574845,1.0647892398898993,1.8023389963580634,4.045643455327384,7.183883313171864
sector_area,False,0.6,0.25,2.959202981250452,-2.4088602932724363,1.2862820256226204,4.261821764008525,5.007159122844014
sector_area,False,0.8,0.25,3.2213663721299057,-0.6249773853092311,1.378355431345583,3.3948416337082405,6.310280047284272
sector_area,False,1.0,0.25,3.750809233679752,1.0652595261166564,1.7860232510110698,3.7673676158482743,7.370109359676244
