modo,passthrough,elasticidad,anio,pobreza_sim,pobreza_obs,extrema_sim,extrema_obs,urb_sim,urb_obs,rur_sim,rur_obs,err,err_ext
solo_pbi,0.0,0.8,2020,0.26159699163957445,0.3013315307738614,0.04672740560579723,0.05147568016602769,0.2131355430659081,0.26028040204531033,0.4456592512334593,0.457248527377269,-3.973453913428693,-0.4748274560230456
solo_pbi,0.0,0.8,2021,0.22897909519749304,0.25873046540157985,0.03452623620283319,0.041230525457468,0.17503477719623303,0.22334072993496734,0.43993947120842736,0.3971293214366065,-2.97513702040868,-0.6704289254634809
solo_pbi,0.0,0.8,2022,0.22847894457349516,0.2752410158838346,0.038135612693751916,0.05009475255683741,0.1714399609441081,0.24135251586439888,0.4572377678577802,0.41115320951067724,-4.6762071310339435,-1.1959139863085493
solo_pbi,0.0,0.8,2023,0.23151689920052992,0.2904592772992453,0.04270176538683174,0.05747299987819506,0.1744660632516035,0.264259229467064,0.46557132886553987,0.3979465235518148,-5.894237809871539,-1.4771234491363319
solo_pbi,0.0,0.8,2024,0.21761203280497887,0.2757946816356908,0.03780672138256122,0.055045328075310866,0.165110158509814,0.24806989363541587,0.4396142923742407,0.3930279359674629,-5.818264883071195,-1.7238606692749645
solo_pbi,0.0,1.0,2020,0.276214463674183,0.3013315307738614,0.05610263309029615,0.05147568016602769,0.22907925466312384,0.26028040204531033,0.4552395100224668,0.457248527377269,-2.5117067099678367,0.46269529242684637
solo_pbi,0.0,1.0,2021,0.2357032633671064,0.25873046540157985,0.03821215291939602,0.041230525457468,0.18193320659990891,0.22334072993496734,0.445982154898784,0.3971293214366065,-2.302720203447345,-0.3018372538071981
solo_pbi,0.0,1.0,2022,0.23323405333660874,0.2752410158838346,0.0409088182212002,0.05009475255683741,0.17577771058087222,0.24135251586439888,0.46366672451501123,0.41115320951067724,-4.200696254722586,-0.9185934335637213
solo_pbi,0.0,1.0,2023,0.23565519825340447,0.2904592772992453,0.04458874373263535,0.05747299987819506,0.17818472605290145,0.264259229467064,0.4714312104666079,0.3979465235518148,-5.480407904584084,-1.2884256145559714
solo_pbi,0.0,1.0,2024,0.2200098185481045,0.2757946816356908,0.03991444801831759,0.055045328075310866,0.1674283127736143,0.24806989363541587,0.44234879692179735,0.3930279359674629,-5.578486308758632,-1.5130880056993277
solo_pbi,0.0,1.2,2020,0.28915947155263405,0.3013315307738614,0.06500615032793368,0.05147568016602769,0.24329938524502184,0.26028040204531033,0.46334145247543534,0.457248527377269,-1.2172059221227327,1.3530470161905992
solo_pbi,0.0,1.2,2021,0.2417064440303456,0.25873046540157985,0.04227656506006289,0.041230525457468,0.1882187850962997,0.22334072993496734,0.45088096061997784,0.3971293214366065,-1.702402137123424,0.10460396025948893
solo_pbi,0.0,1.2,2022,0.23550803937477735,0.2752410158838346,0.04369597621724387,0.05009475255683741,0.17779054566452346,0.24135251586439888,0.46698807467599,0.41115320951067724,-3.9732976509057245,-0.6398776339593536
solo_pbi,0.0,1.2,2023,0.23963459833315615,0.2904592772992453,0.04753774358932265,0.05747299987819506,0.1822017581824405,0.264259229467064,0.4752562228357569,0.3979465235518148,-5.082467896608916,-0.9935256288872416
solo_pbi,0.0,1.2,2024,0.222832119242444,0.2757946816356908,0.04208213457441015,0.055045328075310866,0.17040392726954706,0.24806989363541587,0.4445228158007963,0.3930279359674629,-5.2962562393246815,-1.2963193500900714
solo_pbi,0.25,0.8,2020,0.25819672918591313,0.3013315307738614,0.04687695249165758,0.05147568016602769,0.20550749820342373,0.26028040204531033,0.45831660171013267,0.457248527377269,-4.313480158794825,-0.45987276743701055
solo_pbi,0.25,0.8,2021,0.22712815159716473,0.25873046540157985,0.034948454455899294,0.041230525457468,0.17129897226852445,0.22334072993496734,0.44545966638759626,0.3971293214366065,-3.160231380441511,-0.6282071001568703
solo_pbi,0.25,0.8,2022,0.22664925148853532,0.2752410158838346,0.037633612507785255,0.05009475255683741,0.17033132226411138,0.24135251586439888,0.45251623577591465,0.41115320951067724,-4.859176439529928,-1.2461140049052153
solo_pbi,0.25,0.8,2023,0.23059019976983516,0.2904592772992453,0.04243250434312734,0.05747299987819506,0.1738935879620507,0.264259229467064,0.46319140393955555,0.3979465235518148,-5.986907752941015,-1.504049553506772
solo_pbi,0.25,0.8,2024,0.2135247251660486,0.2757946816356908,0.03619693199187635,0.055045328075310866,0.16273662474193668,0.24806989363541587,0.42828035446025464,0.3930279359674629,-6.226995646964223,-1.884839608343452
solo_pbi,0.25,1.0,2020,0.2719812219262936,0.3013315307738614,0.057148362974847204,0.05147568016602769,0.2199037736967137,0.26028040204531033,0.46977747187637703,0.457248527377269,-2.9350308847567783,0.5672682808819517
solo_pbi,0.25,1.0,2021,0.23258374512997432,0.25873046540157985,0.038283808909736636,0.041230525457468,0.1762284694148897,0.22334072993496734,0.45297266829286303,0.3971293214366065,-2.6146720271605526,-0.2946716547731362
solo_pbi,0.25,1.0,2022,0.23033876685670704,0.2752410158838346,0.039994932661842716,0.05009475255683741,0.17347954117974373,0.24135251586439888,0.4583766583316238,0.41115320951067724,-4.490224902712756,-1.0099819894994693
solo_pbi,0.25,1.0,2023,0.23451376883299482,0.2904592772992453,0.044140212893329984,0.05747299987819506,0.1774265134961744,0.264259229467064,0.4687176111914472,0.3979465235518148,-5.594550846625049,-1.3332786984865077
solo_pbi,0.25,1.0,2024,0.21545355633086116,0.2757946816356908,0.038021815885672085,0.055045328075310866,0.16471707150334924,0.24806989363541587,0.42999093095839,0.3930279359674629,-6.0341125304829655,-1.702351218963878
solo_pbi,0.25,1.2,2020,0.2844896532265429,0.3013315307738614,0.06579951248114761,0.05147568016602769,0.2333893158141628,0.26028040204531033,0.4785747218112151,0.457248527377269,-1.6841877547318473,1.4323832315119924
solo_pbi,0.25,1.2,2021,0.23808442788664164,0.25873046540157985,0.042640195154626755,0.041230525457468,0.18132408188214183,0.22334072993496734,0.4600574619203712,0.3971293214366065,-2.064603751493821,0.14096696971587566
solo_pbi,0.25,1.2,2022,0.23189389496032026,0.2752410158838346,0.042587374130650495,0.05009475255683741,0.17476372416641547,0.24135251586439888,0.4610184307297582,0.41115320951067724,-4.334712092351434,-0.7507378426186915
solo_pbi,0.25,1.2,2023,0.237935378486228,0.2904592772992453,0.04722384655042615,0.05747299987819506,0.1807383350376674,0.264259229467064,0.472589633068269,0.3979465235518148,-5.25238988130173,-1.0249153327768914
solo_pbi,0.25,1.2,2024,0.21764319920351133,0.2757946816356908,0.03976457904939739,0.055045328075310866,0.16768127660516605,0.24806989363541587,0.4289053657101782,0.3930279359674629,-5.8151482432179495,-1.5280749025913476
solo_pbi,0.5,0.8,2020,0.2549146962064617,0.3013315307738614,0.047283827279691444,0.05147568016602769,0.19909945747586805,0.26028040204531033,0.46690751241187145,0.457248527377269,-4.64168345673997,-0.41918528863362436
solo_pbi,0.5,0.8,2021,0.22465225942503061,0.25873046540157985,0.03548932284459313,0.041230525457468,0.16641090679504514,0.22334072993496734,0.45241707517300583,0.3971293214366065,-3.407820597654923,-0.5741202612874869
solo_pbi,0.5,0.8,2022,0.22365080566183557,0.2752410158838346,0.03678194777462053,0.05009475255683741,0.16746928544543657,0.24135251586439888,0.44897071210568384,0.41115320951067724,-5.159021022199902,-1.3312804782216878
solo_pbi,0.5,0.8,2023,0.22988703608044952,0.2904592772992453,0.04218723895492958,0.05747299987819506,0.1734061566143811,0.264259229467064,0.4616031855553386,0.3979465235518148,-6.057224121879578,-1.5285760923265481
solo_pbi,0.5,0.8,2024,0.20985668388052314,0.2757946816356908,0.0350282913278183,0.055045328075310866,0.16048707291323866,0.24806989363541587,0.4186142822697665,0.3930279359674629,-6.593799775516768,-2.0017036747492565
solo_pbi,0.5,1.0,2020,0.26811316013687897,0.3013315307738614,0.057785621364644525,0.05147568016602769,0.21188010584049952,0.26028040204531033,0.48169288881386185,0.457248527377269,-3.321837063698241,0.6309941198616837
solo_pbi,0.5,1.0,2021,0.23012454949584507,0.25873046540157985,0.03922954509556205,0.041230525457468,0.17104951905742724,0.22334072993496734,0.4611496341739928,0.3971293214366065,-2.8605915905734776,-0.2000980361905949
solo_pbi,0.5,1.0,2022,0.22665422956364462,0.2752410158838346,0.039091652137273586,0.05009475255683741,0.17019619616491666,0.24135251586439888,0.4530831114167178,0.41115320951067724,-4.858678632018998,-1.1003100419563823
solo_pbi,0.5,1.0,2023,0.23332519981273928,0.2904592772992453,0.04369825364666725,0.05747299987819506,0.1766592877223089,0.264259229467064,0.46580045657578845,0.3979465235518148,-5.713407748650604,-1.3774746231527815
solo_pbi,0.5,1.0,2024,0.21013682811483053,0.2757946816356908,0.03683675474209747,0.055045328075310866,0.16147435183292067,0.24806989363541587,0.4159043332915839,0.3930279359674629,-6.565785352086029,-1.8208573333213394
solo_pbi,0.5,1.2,2020,0.2796017741170053,0.3013315307738614,0.06645125722579644,0.05147568016602769,0.2233569361202803,0.26028040204531033,0.4932262586685198,0.457248527377269,-2.172975665685606,1.497557705976875
solo_pbi,0.5,1.2,2021,0.23388864863526368,0.25873046540157985,0.043772172659621585,0.041230525457468,0.1736040428425201,0.22334072993496734,0.46964402708700514,0.3971293214366065,-2.4841816766316165,0.25416472021535863
solo_pbi,0.5,1.2,2022,0.22762672966937866,0.2752410158838346,0.0415509836248897,0.05009475255683741,0.1708308847157103,0.24135251586439888,0.45541042833163836,0.41115320951067724,-4.761428621445593,-0.8543768931947706
solo_pbi,0.5,1.2,2023,0.23525202664252315,0.2904592772992453,0.04639836564594564,0.05747299987819506,0.17830490460973009,0.264259229467064,0.46888096383077676,0.3979465235518148,-5.520725065672217,-1.107463423224942
solo_pbi,0.5,1.2,2024,0.21119368369032315,0.2757946816356908,0.03807248441245937,0.055045328075310866,0.16416900855764788,0.24806989363541587,0.4100358064738484,0.3930279359674629,-6.460099794536767,-1.6972843662851498
solo_pbi,0.75,0.8,2020,0.25188133715007627,0.3013315307738614,0.048626870162672156,0.05147568016602769,0.19251713109168095,0.26028040204531033,0.4773535470757767,0.457248527377269,-4.9450193623785115,-0.28488100033555314
solo_pbi,0.75,0.8,2021,0.2209320214124745,0.25873046540157985,0.03653333824809289,0.041230525457468,0.16012856906108203,0.22334072993496734,0.4587164562905478,0.3971293214366065,-3.779844398910534,-0.4697187209375106
solo_pbi,0.75,0.8,2022,0.22100934129064806,0.2752410158838346,0.03610885023134298,0.05009475255683741,0.16510474402668238,0.24135251586439888,0.44521862891367986,0.41115320951067724,-5.423167459318654,-1.3985902325494433
solo_pbi,0.75,0.8,2023,0.22775662423809875,0.2904592772992453,0.04181097377993983,0.05747299987819506,0.1714180148053359,0.264259229467064,0.4588891024845144,0.3979465235518148,-6.270265306114656,-1.5662026098255233
solo_pbi,0.75,0.8,2024,0.2051531886339739,0.2757946816356908,0.03376497334106006,0.055045328075310866,0.1577342955095654,0.24806989363541587,0.40566224780981935,0.3930279359674629,-7.064149300171693,-2.1280354734250806
solo_pbi,0.75,1.0,2020,0.26575885281245387,0.3013315307738614,0.05882822273373019,0.05147568016602769,0.20562471109032274,0.26028040204531033,0.49415536859735115,0.457248527377269,-3.5572677961407506,0.73525425677025
solo_pbi,0.75,1.0,2021,0.2263970476610908,0.25873046540157985,0.039890086631782,0.041230525457468,0.1645818620142614,0.22334072993496734,0.4681380741568982,0.3971293214366065,-3.2333417740489034,-0.1340438825685998
solo_pbi,0.75,1.0,2022,0.22220900227596246,0.2752410158838346,0.03822256681540835,0.05009475255683741,0.1661390456080632,0.24135251586439888,0.4470814753250992,0.41115320951067724,-5.303201360787213,-1.1872185741429058
solo_pbi,0.75,1.0,2023,0.23090341677026002,0.2904592772992453,0.04314414140326671,0.05747299987819506,0.1741697265440562,0.264259229467064,0.46365673734514207,0.3979465235518148,-5.9555860528985285,-1.4328858474928354
solo_pbi,0.75,1.0,2024,0.20471174493228694,0.2757946816356908,0.03516431833382601,0.055045328075310866,0.15899190993139134,0.24806989363541587,0.3980363988345457,0.3930279359674629,-7.108293670340387,-1.9881009741484859
solo_pbi,0.75,1.2,2020,0.2779166864130234,0.3013315307738614,0.06812126862163216,0.05147568016602769,0.21713499500206582,0.26028040204531033,0.5087726717852467,0.457248527377269,-2.341484436083796,1.6645588455604474
solo_pbi,0.75,1.2,2021,0.23025249528181946,0.25873046540157985,0.043695385881436316,0.041230525457468,0.16684419941836295,0.22334072993496734,0.47822370769486594,0.3971293214366065,-2.8477970119760387,0.2464860423968318
solo_pbi,0.75,1.2,2022,0.22420363072550611,0.2752410158838346,0.04097085373610727,0.05009475255683741,0.16807958327291525,0.24135251586439888,0.4492930386403998,0.41115320951067724,-5.103738515832848,-0.9123898820730142
solo_pbi,0.75,1.2,2023,0.2332471802974481,0.2904592772992453,0.04591004337794106,0.05747299987819506,0.17684062952817253,0.264259229467064,0.46465839189638447,0.3979465235518148,-5.721209700179722,-1.1562956500254005
solo_pbi,0.75,1.2,2024,0.20458781524401448,0.2757946816356908,0.036397536272099025,0.055045328075310866,0.16024475308023645,0.24806989363541587,0.3920908354454392,0.3930279359674629,-7.120686639167634,-1.8647791803211842
solo_pbi,1.0,0.8,2020,0.25161858916908086,0.3013315307738614,0.04897484115008695,0.05147568016602769,0.18940712694064185,0.26028040204531033,0.4879050116229981,0.457248527377269,-4.971294160478052,-0.25008390159407395
solo_pbi,1.0,0.8,2021,0.2186281076605906,0.25873046540157985,0.03683991052817101,0.041230525457468,0.1556883427975997,0.22334072993496734,0.46476703300998934,0.3971293214366065,-4.010235774098925,-0.43906149292969876
solo_pbi,1.0,0.8,2022,0.218463082600069,0.2752410158838346,0.03571685692018723,0.05009475255683741,0.16311399481996855,0.24135251586439888,0.4404444606818306,0.41115320951067724,-5.67779332837656,-1.4377895636650178
solo_pbi,1.0,0.8,2023,0.22586723333621686,0.2904592772992453,0.04144561243661472,0.05747299987819506,0.1697164021016241,0.264259229467064,0.4562293404154936,0.3979465235518148,-6.459204396302845,-1.6027387441580339
solo_pbi,1.0,0.8,2024,0.20089868345162584,0.2757946816356908,0.03269123558972564,0.055045328075310866,0.1556372024860789,0.24806989363541587,0.39228520404157596,0.3930279359674629,-7.489599818406497,-2.2354092485585224
solo_pbi,1.0,1.0,2020,0.26598165544297075,0.3013315307738614,0.05941098831182601,0.05147568016602769,0.2026734901624359,0.26028040204531033,0.5064334845822743,0.457248527377269,-3.5349875330890623,0.793530814579832
solo_pbi,1.0,1.0,2021,0.2240095147800756,0.25873046540157985,0.0405881629777226,0.041230525457468,0.1594533058769841,0.22334072993496734,0.47646987777360755,0.3971293214366065,-3.472095062150424,-0.06423624797453967
solo_pbi,1.0,1.0,2022,0.21993968197257208,0.2752410158838346,0.037303555851065213,0.05009475255683741,0.16436495531171902,0.24135251586439888,0.44282600052773896,0.41115320951067724,-5.530133391126252,-1.2791196705772196
solo_pbi,1.0,1.0,2023,0.22900429403373637,0.2904592772992453,0.04284710129663587,0.05747299987819506,0.1727804890730542,0.264259229467064,0.4596657801414932,0.3979465235518148,-6.145498326550894,-1.4625898581559196
solo_pbi,1.0,1.0,2024,0.1989617230221378,0.2757946816356908,0.03389985642149665,0.055045328075310866,0.15503413522952303,0.24806989363541587,0.3847079250065059,0.3930279359674629,-7.683295861355302,-2.114547165381422
solo_pbi,1.0,1.2,2020,0.27560671707584683,0.3013315307738614,0.06868414217553302,0.05147568016602769,0.21085695884593625,0.26028040204531033,0.5215338851389008,0.457248527377269,-2.572481369801455,1.7208462009505334
solo_pbi,1.0,1.2,2021,0.2283906341830143,0.25873046540157985,0.044507697929389994,0.041230525457468,0.16200029849117623,0.22334072993496734,0.4880237280839361,0.3971293214366065,-3.033983121856554,0.32771724719219963
solo_pbi,1.0,1.2,2022,0.21990992755951108,0.2752410158838346,0.03988739219353481,0.05009475255683741,0.1641681078850674,0.24135251586439888,0.44346638430326113,0.41115320951067724,-5.533108832432351,-1.0207360363302602
solo_pbi,1.0,1.2,2023,0.2309865990969049,0.2904592772992453,0.04559133435590869,0.05747299987819506,0.1744889103591916,0.264259229467064,0.46277170960317043,0.3979465235518148,-5.9472678202340425,-1.1881665522286373
solo_pbi,1.0,1.2,2024,0.19827229315718498,0.2757946816356908,0.03427653025742007,0.055045328075310866,0.156769299309119,0.24806989363541587,0.3737661881248233,0.3930279359674629,-7.752238847850585,-2.0768797817890796
con_ingresos,0.0,0.8,2020,0.346737722287178,0.3013315307738614,0.07051111140189602,0.05147568016602769,0.29205546660956433,0.26028040204531033,0.5544273361131529,0.457248527377269,4.54061915133166,1.903543123586833
con_ingresos,0.0,0.8,2021,0.28363228682912345,0.25873046540157985,0.04758261384721532,0.041230525457468,0.22606728529801587,0.22334072993496734,0.5087520921770904,0.3971293214366065,2.4901821427543602,0.6352088389747323
con_ingresos,0.0,0.8,2022,0.2649846785077739,0.2752410158838346,0.04693844326387452,0.05009475255683741,0.2055783038646777,0.24135251586439888,0.5032380886183023,0.41115320951067724,-1.0256337376060687,-0.3156309292962886
con_ingresos,0.0,0.8,2023,0.27015161458519754,0.2904592772992453,0.0512897725447668,0.05747299987819506,0.21082620401526153,0.264259229467064,0.5135376211990099,0.3979465235518148,-2.0307662714047767,-0.6183227333428264
con_ingresos,0.0,0.8,2024,0.25144930273285815,0.2757946816356908,0.04571272873536786,0.055045328075310866,0.19719555477491896,0.24806989363541587,0.4808592961561397,0.3930279359674629,-2.4345378902832673,-0.9332599339943008
con_ingresos,0.0,1.0,2020,0.38050467906917873,0.3013315307738614,0.0889470075789411,0.05147568016602769,0.32543481163173615,0.26028040204531033,0.5896664877729197,0.457248527377269,7.917314829531735,3.747132741291341
con_ingresos,0.0,1.0,2021,0.3043904751091307,0.25873046540157985,0.05508397705772144,0.041230525457468,0.246282601449952,0.22334072993496734,0.5316332938254575,0.3971293214366065,4.566000970755085,1.385345160025344
con_ingresos,0.0,1.0,2022,0.27870693192657325,0.2752410158838346,0.05135357642473962,0.05009475255683741,0.2184467552397928,0.24135251586439888,0.5203845747005025,0.41115320951067724,0.3465916042738659,0.12588238679022146
con_ingresos,0.0,1.0,2023,0.28397298650327124,0.2904592772992453,0.05762428691946725,0.05747299987819506,0.2237861903196312,0.264259229467064,0.5308928785577387,0.3979465235518148,-0.648629079597407,0.0151287041272187
con_ingresos,0.0,1.0,2024,0.26334355773227996,0.2757946816356908,0.050675901884057045,0.055045328075310866,0.20876190880731085,0.24806989363541587,0.49414006842895125,0.3930279359674629,-1.2451123903410855,-0.4369426191253821
con_ingresos,0.0,1.2,2020,0.41254522381179887,0.3013315307738614,0.11384002149388629,0.05147568016602769,0.35796359951165957,0.26028040204531033,0.6198526278758054,0.457248527377269,11.121369303793749,6.236434132785861
con_ingresos,0.0,1.2,2021,0.3251954377763344,0.25873046540157985,0.0635206309578639,0.041230525457468,0.2663954558331303,0.22334072993496734,0.5551448886134875,0.3971293214366065,6.646497237475457,2.2290105500395896
con_ingresos,0.0,1.2,2022,0.2910751428833531,0.2752410158838346,0.056589216205023225,0.05009475255683741,0.2294252604582909,0.24135251586439888,0.5383262974762583,0.41115320951067724,1.5834126999518527,0.6494463648185816
con_ingresos,0.0,1.2,2023,0.2973179107264452,0.2904592772992453,0.06486701115337207,0.05747299987819506,0.23585046642472923,0.264259229467064,0.5494917374497434,0.3979465235518148,0.6858633427199889,0.7394011275177005
con_ingresos,0.0,1.2,2024,0.273324282997085,0.2757946816356908,0.05441099469465986,0.055045328075310866,0.2175664132111007,0.24806989363541587,0.5090944006821441,0.3930279359674629,-0.24703986386058197,-0.06343333806510046
con_ingresos,0.25,0.8,2020,0.35226998695093437,0.3013315307738614,0.07444227557189129,0.05147568016602769,0.29402316123487804,0.26028040204531033,0.5734982554202815,0.457248527377269,5.093845617707299,2.2966595405863597
con_ingresos,0.25,0.8,2021,0.28790961933815357,0.25873046540157985,0.049573262429579434,0.041230525457468,0.22793264732060103,0.22334072993496734,0.5224619324941868,0.3971293214366065,2.9179153936573723,0.8342736972111436
con_ingresos,0.25,0.8,2022,0.2667853254523546,0.2752410158838346,0.046900599374158976,0.05009475255683741,0.20779699866583437,0.24135251586439888,0.5033621254681413,0.41115320951067724,-0.8455690431479979,-0.3194153182678433
con_ingresos,0.25,0.8,2023,0.27130691229883447,0.2904592772992453,0.051527433667319426,0.05747299987819506,0.21230102359520414,0.264259229467064,0.5133820615528943,0.3979465235518148,-1.9152365000410843,-0.5945566210875636
con_ingresos,0.25,0.8,2024,0.2501536709582189,0.2757946816356908,0.04475019607545833,0.055045328075310866,0.19736495559607134,0.24806989363541587,0.4733688275118705,0.3930279359674629,-2.564101067747193,-1.0295131999852534
con_ingresos,0.25,1.0,2020,0.38842101670020546,0.3013315307738614,0.09467089307434287,0.05147568016602769,0.32930817132883705,0.26028040204531033,0.6129385292862888,0.457248527377269,8.708948592634409,4.319521290831519
con_ingresos,0.25,1.0,2021,0.30985993079616664,0.25873046540157985,0.05837699654455608,0.041230525457468,0.24836703291396603,0.22334072993496734,0.5503405845496914,0.3971293214366065,5.1129465394586795,1.7146471087088084
con_ingresos,0.25,1.0,2022,0.28120854684738067,0.2752410158838346,0.051621483818318874,0.05009475255683741,0.22134299581505149,0.24135251586439888,0.5213035159022859,0.41115320951067724,0.5967530963546075,0.1526731261481465
con_ingresos,0.25,1.0,2023,0.28389770033514766,0.2904592772992453,0.05787482745310937,0.05747299987819506,0.2235668758547306,0.264259229467064,0.5314084769980015,0.3979465235518148,-0.6561576964097648,0.040182757491431104
con_ingresos,0.25,1.0,2024,0.2618642150189329,0.2757946816356908,0.049238303218893394,0.055045328075310866,0.20927320315396156,0.24806989363541587,0.48424338954933094,0.3930279359674629,-1.3930466616757897,-0.5807024856417473
con_ingresos,0.25,1.2,2020,0.4213272297551472,0.3013315307738614,0.1206367441426773,0.05147568016602769,0.36205571996657426,0.26028040204531033,0.6464473683874464,0.457248527377269,11.99956989812858,6.9161063976649615
con_ingresos,0.25,1.2,2021,0.33063215026221116,0.25873046540157985,0.06757171595893847,0.041230525457468,0.26798610313668814,0.22334072993496734,0.5756224318501693,0.3971293214366065,7.190168486063131,2.6341190501470475
con_ingresos,0.25,1.2,2022,0.29277604855713407,0.2752410158838346,0.05710761668196585,0.05009475255683741,0.2310352181413762,0.24135251586439888,0.540391956411892,0.41115320951067724,1.7535032673299478,0.7012864125128443
con_ingresos,0.25,1.2,2023,0.29780689014290607,0.2904592772992453,0.06498115670072852,0.05747299987819506,0.23622190819235403,0.264259229467064,0.5504629220241993,0.3979465235518148,0.7347612843660756,0.7508156822533453
con_ingresos,0.25,1.2,2024,0.27104673402306917,0.2757946816356908,0.05326435255276601,0.055045328075310866,0.21767646604581817,0.24806989363541587,0.49672096458778453,0.3930279359674629,-0.474794761262165,-0.17809755225448587
con_ingresos,0.5,0.8,2020,0.3576315864999901,0.3013315307738614,0.07805393116072853,0.05147568016602769,0.29557810079655333,0.26028040204531033,0.5933179956028716,0.457248527377269,5.630005572612873,2.6578250994700845
con_ingresos,0.5,0.8,2021,0.29277232991288826,0.25873046540157985,0.051335442130650326,0.041230525457468,0.22988417331464997,0.22334072993496734,0.5387094305040757,0.3971293214366065,3.4041864511308417,1.0104916673182327
con_ingresos,0.5,0.8,2022,0.2677275147536665,0.2752410158838346,0.04678859385173783,0.05009475255683741,0.2088896688280375,0.24135251586439888,0.5037008007782512,0.41115320951067724,-0.7513501130168077,-0.33061587050995794
con_ingresos,0.5,0.8,2023,0.2715680489815713,0.2904592772992453,0.05186027803306776,0.05747299987819506,0.21252069584023678,0.264259229467064,0.5138133085443903,0.3979465235518148,-1.8891228317674036,-0.5612721845127302
con_ingresos,0.5,0.8,2024,0.24907106249264568,0.2757946816356908,0.04415796543789189,0.055045328075310866,0.19752146081091057,0.24806989363541587,0.4670466720661607,0.3930279359674629,-2.6723619143045134,-1.0887362637418976
con_ingresos,0.5,1.0,2020,0.3959314148939623,0.3013315307738614,0.10135690472580322,0.05147568016602769,0.33285117708329615,0.26028040204531033,0.6355175487979329,0.457248527377269,9.45998841201009,4.988122455977553
con_ingresos,0.5,1.0,2021,0.31581727437388013,0.25873046540157985,0.062336608686933546,0.041230525457468,0.2512190480206902,0.22334072993496734,0.5684419552677991,0.3971293214366065,5.708680897230028,2.110608322946555
con_ingresos,0.5,1.0,2022,0.2811632683867113,0.2752410158838346,0.05209561689235931,0.05009475255683741,0.22103233118569235,0.24135251586439888,0.5223225871863432,0.41115320951067724,0.5922252502876701,0.20008643355219
con_ingresos,0.5,1.0,2023,0.2846453041256085,0.2904592772992453,0.0587815089121006,0.05747299987819506,0.2244859086286546,0.264259229467064,0.5314527832418946,0.3979465235518148,-0.5813973173636799,0.13085090339055375
con_ingresos,0.5,1.0,2024,0.2598297048986711,0.2757946816356908,0.04790303963133716,0.055045328075310866,0.20885435740671737,0.24806989363541587,0.47537710158626373,0.3930279359674629,-1.5964976737019743,-0.7142288443973709
con_ingresos,0.5,1.2,2020,0.4293976838842862,0.3013315307738614,0.12794013144222374,0.05147568016602769,0.3646625133425593,0.26028040204531033,0.6752694461984742,0.457248527377269,12.80661531104248,7.6464451276196055
con_ingresos,0.5,1.2,2021,0.33674993184919977,0.25873046540157985,0.07323406783861763,0.041230525457468,0.269870863807882,0.22334072993496734,0.5982943143535389,0.3971293214366065,7.801946644761992,3.2003542381149637
con_ingresos,0.5,1.2,2022,0.29474327389647703,0.2752410158838346,0.05797227434674026,0.05009475255683741,0.23325720516051798,0.24135251586439888,0.5413374422604443,0.41115320951067724,1.9502258012642437,0.787752178990285
con_ingresos,0.5,1.2,2023,0.2986160870261626,0.2904592772992453,0.06515200383335008,0.05747299987819506,0.2370448195067079,0.264259229467064,0.5512158546425198,0.3979465235518148,0.8156809726917291,0.7679003955155022
con_ingresos,0.5,1.2,2024,0.2694078760534138,0.2757946816356908,0.052145966333546755,0.055045328075310866,0.2182694480266106,0.24806989363541587,0.48564485283151504,0.3930279359674629,-0.6386805582277,-0.28993617417641115
con_ingresos,0.75,0.8,2020,0.3646083704494227,0.3013315307738614,0.08366329381319697,0.05147568016602769,0.29855083240195823,0.26028040204531033,0.6155026394835574,0.457248527377269,6.32768396755613,3.218761364716928
con_ingresos,0.75,0.8,2021,0.2974159798265539,0.25873046540157985,0.0546178386164553,0.041230525457468,0.2324156452431227,0.22334072993496734,0.551613187848294,0.3971293214366065,3.8685514424974032,1.33873131589873
con_ingresos,0.75,0.8,2022,0.2692423101146948,0.2752410158838346,0.04726768514787765,0.05009475255683741,0.21044646905879383,0.24135251586439888,0.5050471326786813,0.41115320951067724,-0.59987057691398,-0.28270674089597575
con_ingresos,0.75,0.8,2023,0.2721518031727074,0.2904592772992453,0.0521989278761205,0.05747299987819506,0.21320739640920172,0.264259229467064,0.5139747191300725,0.3979465235518148,-1.8307474126537937,-0.527407200207456
con_ingresos,0.75,0.8,2024,0.24853014065299447,0.2757946816356908,0.04349115773668885,0.055045328075310866,0.1985450280066986,0.24806989363541587,0.4598903654311741,0.3930279359674629,-2.7264540982696346,-1.1554170338622014
con_ingresos,0.75,1.0,2020,0.4031857046436322,0.3013315307738614,0.1078190756329226,0.05147568016602769,0.33565130569575463,0.26028040204531033,0.6596892644116723,0.457248527377269,10.18541738697708,5.634339546689492
con_ingresos,0.75,1.0,2021,0.320885191665305,0.25873046540157985,0.06623450627494643,0.041230525457468,0.25305898129664584,0.22334072993496734,0.5861335694913973,0.3971293214366065,6.215472626372515,2.500398081747843
con_ingresos,0.75,1.0,2022,0.2829173416880018,0.2752410158838346,0.052223838827573574,0.05009475255683741,0.2229556057466914,0.24135251586439888,0.5233980670309086,0.41115320951067724,0.7676325804167217,0.2129086270736165
con_ingresos,0.75,1.0,2023,0.28614432429833214,0.2904592772992453,0.059541659774223425,0.05747299987819506,0.22601014563231409,0.264259229467064,0.5328483498738509,0.3979465235518148,-0.43149530009131687,0.2068659896028363
con_ingresos,0.75,1.0,2024,0.2576033633914668,0.2757946816356908,0.04726862434065592,0.055045328075310866,0.20824942904930024,0.24806989363541587,0.46629467374346706,0.3930279359674629,-1.8191318244224042,-0.7776703734654944
con_ingresos,0.75,1.2,2020,0.43628781362599117,0.3013315307738614,0.13559971058079626,0.05147568016602769,0.36791439203577825,0.26028040204531033,0.6959780796924185,0.457248527377269,13.49562828521298,8.412403041476857
con_ingresos,0.75,1.2,2021,0.3425540153191385,0.25873046540157985,0.07926187626374843,0.041230525457468,0.2723561841755586,0.22334072993496734,0.6170771050884042,0.3971293214366065,8.382354991755864,3.8031350806280435
con_ingresos,0.75,1.2,2022,0.29661783992553936,0.2752410158838346,0.05835700074399548,0.05009475255683741,0.23525602012820473,0.24135251586439888,0.5427136992526784,0.41115320951067724,2.1376824041704765,0.8262248187158073
con_ingresos,0.75,1.2,2023,0.29997824621465125,0.2904592772992453,0.06542747484524389,0.05747299987819506,0.23851531641059323,0.264259229467064,0.5521335519442258,0.3979465235518148,0.9518968915405934,0.7954474967048826
con_ingresos,0.75,1.2,2024,0.2676373296344778,0.2757946816356908,0.05078762337588379,0.055045328075310866,0.21862070500150602,0.24806989363541587,0.47490233819018585,0.3930279359674629,-0.8157352001213036,-0.4257704699427073
con_ingresos,1.0,0.8,2020,0.3714815270954604,0.3013315307738614,0.08944348697593858,0.05147568016602769,0.30294446034623407,0.26028040204531033,0.6317933366490541,0.457248527377269,7.014999632159902,3.7967806809910893
con_ingresos,1.0,0.8,2021,0.30226297410806696,0.25873046540157985,0.05766412422423957,0.041230525457468,0.23433187639754205,0.22334072993496734,0.5679215355067514,0.3971293214366065,4.353250870648711,1.643359876677157
con_ingresos,1.0,0.8,2022,0.2699810154415394,0.2752410158838346,0.04729414970372602,0.05009475255683741,0.21130762335092076,0.24135251586439888,0.5052947478873646,0.41115320951067724,-0.5260000442295187,-0.28006028531113863
con_ingresos,1.0,0.8,2023,0.2726672539679938,0.2904592772992453,0.052403704924897085,0.05747299987819506,0.21368831583775738,0.264259229467064,0.5146318369002819,0.3979465235518148,-1.7792023331251516,-0.5069294953297977
con_ingresos,1.0,0.8,2024,0.24701316590518607,0.2757946816356908,0.04296736070657387,0.055045328075310866,0.19813530607965293,0.24806989363541587,0.4536914125364177,0.3930279359674629,-2.8781515730504745,-1.2077967368736995
con_ingresos,1.0,1.0,2020,0.4095574571071101,0.3013315307738614,0.11508229525141137,0.05147568016602769,0.3383235289998556,0.26028040204531033,0.6801122620721087,0.457248527377269,10.822592633324874,6.360661508538367
con_ingresos,1.0,1.0,2021,0.3260609239589417,0.25873046540157985,0.07074851253250938,0.041230525457468,0.25509587191475996,0.22334072993496734,0.6035843892204068,0.3971293214366065,6.7330458557361865,2.9517987075041385
con_ingresos,1.0,1.0,2022,0.2841819389331044,0.2752410158838346,0.053147155233912745,0.05009475255683741,0.22417633788521943,0.24135251586439888,0.5248385883462653,0.41115320951067724,0.89409230492698,0.3052402677075336
con_ingresos,1.0,1.0,2023,0.2871529425438541,0.2904592772992453,0.05994907333438793,0.05747299987819506,0.22713604375868301,0.264259229467064,0.5333758204698028,0.3979465235518148,-0.3306334755391216,0.24760734561928704
con_ingresos,1.0,1.0,2024,0.256100482253147,0.2757946816356908,0.046857497333620095,0.055045328075310866,0.20821980050319946,0.24806989363541587,0.4585621977805867,0.3930279359674629,-1.9694199382543798,-0.8187830741690771
con_ingresos,1.0,1.2,2020,0.4431098142646373,0.3013315307738614,0.1449469299006012,0.05147568016602769,0.3704936109562227,0.26028040204531033,0.7189146623957903,0.457248527377269,14.177828349077593,9.347124973457351
con_ingresos,1.0,1.2,2021,0.34962059651419103,0.25873046540157985,0.08470031068129506,0.041230525457468,0.2753988152436076,0.22334072993496734,0.6398801727809238,0.3971293214366065,9.089013111261119,4.346978522382707
con_ingresos,1.0,1.2,2022,0.29838822465148973,0.2752410158838346,0.05854570850645945,0.05009475255683741,0.23713412222280444,0.24135251586439888,0.5440520759565431,0.41115320951067724,2.314720876765514,0.8450955949622043
con_ingresos,1.0,1.2,2023,0.3015938197612153,0.2904592772992453,0.06561741357647477,0.05747299987819506,0.24027411804245521,0.264259229467064,0.5531615237973382,0.3979465235518148,1.1134542461969987,0.8144413698279708
con_ingresos,1.0,1.2,2024,0.2660832834550089,0.2757946816356908,0.04984535242862938,0.055045328075310866,0.21920167856454348,0.24806989363541587,0.4643204389402403,0.3930279359674629,-0.9711398180681896,-0.5199975646681488
